{
  "cleanUrls": true,
  "trailingSlash": false,
  "redirects": [
    {
      "source": "/videollamada",
      "destination": "/p/mentoria"
    },
    {
      "source": "/about",
      "destination": "/p/sobre-mi"
    },
    {
      "source": "/sobre-mi",
      "destination": "/p/sobre-mi"
    },
    {
      "source": "/legal",
      "destination": "/p/privacidad"
    },
    {
      "source": "/privacidad",
      "destination": "/p/privacidad"
    },
    {
      "source": "/cookies",
      "destination": "/p/privacidad"
    }
  ]
}
