{
    "$schema": "https://turborepo.org/schema.json",
    "pipeline": {
      "build": {
        "dependsOn": ["^build"],
        "outputs": ["dist/**", ".next/**"]
      },
      "lint": {
        "outputs": []
      },
      "dev": {
        "cache": false
      },
      "generate:videos": {
        "dependsOn": ["^build"],
        "outputs": ["latestVideos.json"]
      }
    },
    "globalDependencies": [
        ".env"
    ],
    "globalEnv": [
        "GITHUB_TOKEN",
        "NODE_ENV",
        "NEXT_PUBLIC_GOOGLE_ANALYTICS"
    ]
}
